<?xml version="1.0" encoding="UTF-8"?>

<presentation id="product" beanclass="psdi.webclient.beans.bim.ProductAppBean" 
	mboname="BIMPRODUCT" resultstableid="results_showlist" version="7.1.0.0">
	<page id="mainrec">
		<include id="pageHeader"/>
		<clientarea id="clientarea">
			<tabgroup id="maintabs" style="form">
				<tab default="true" id="results" label="List" type="list">
					<menubar event="search" id="actiontoolbar1" sourcemethod="getAppSearchOptions"/>
					<table id="results_showlist" inputmode="readonly" label="Products" mboname="BIMPRODUCT" selectmode="multiple" 
							    beanclass="psdi.webclient.beans.bim.ProductResultsBean" >
						<tablebody displayrowsperpage="20" filterable="true" filterexpanded="true" id="results_showlist_tablebody">
							<tablecol dataattribute="PRODUCTID" filterable="false"
								id="results_showlist_column_select" mxevent="toggleselectrow"
								mxevent_desc="Select Row {0}" sortable="false" type="event" />
							<tablecol dataattribute="PRODUCTID" id="product_tablebody_1_2" mxevent="selectrecord" mxevent_desc="Go To %1"
											type="link" usefieldsizegroup="false"/>
							<tablecol dataattribute="NAME" id="product_tablebody_1_3" showfilterfield="true" sortable="true"
							                mxevent="selectrecord" type="link" mxevent_desc="Go To %1" />
							<tablecol dataattribute="DESCRIPTION" id="product_tablebody_1_4" showfilterfield="true" sortable="true"/>
							<tablecol dataattribute="MODELNUMBER" id="product_tablebody_1_5" showfilterfield="true" sortable="true"/>
							<tablecol dataattribute="MANUFACTURER" id="product_tablebody_1_6"/>
							<tablecol dataattribute="ORGID" id="product_tablebody_orgid" inputmode="query" lookup="org"/>
							<tablecol filterable="false" id="results_bookmark" mxevent="BOOKMARK" mxevent_desc="Add to Bookmarks" 
										mxevent_icon="btn_addtobookmarks.gif" sortable="false" type="event"/>
						</tablebody>
					</table>
				</tab>
				<tab id="main" label="Product" type="insert">
				  <section id="product_1" border="true">
					<sectionrow id="product_1_1">
						<sectioncol id="product_1_1_1" >
								<section id="product_1_1_1_1_1">
									<sectionrow id="product_1_1_1_1_1_1">
										<sectioncol id="product_1_1_1_1_1_1_1" >
											<textbox dataattribute="PRODUCTID" id="product_details_productid" inputmode="readonly"/>
										</sectioncol>
										<sectioncol id="product_1_1_1_1_1_1_2" >
											<textbox dataattribute="MODELID" id="product_details_modelid" inputmode="readonly"/>
										</sectioncol>
									</sectionrow>
								</section>
								<section id="product_1_1_1_1_2">
									<multiparttextbox id="product_name" dataattribute="NAME" descdataattribute="DESCRIPTION" />
									<textbox dataattribute="status" id="product_status" inputmode="readonly"/>
								</section>
						</sectioncol>
						<sectioncol id="product_1_1_1_2" >
							<section id="product_1_1_1_2_1" >
								<textbox dataattribute="orgid" id="product_orgid" lookup="org"/>
								<textbox dataattribute="itemsetid" id="product_itemsetid" inputmode="readonly" />
								<attachments id="product_1_1_1_2_1_1_2"/>
							</section>
						</sectioncol>	
					</sectionrow>
				  </section>
				  <section id="product_details_1_1_1"  >
					 <sectionrow id="product_details_1_1_1_1" >
						<sectioncol id="product_details_1_1_1_1_1" >
							<section id="product_details_1_1_1_1_1_1" label="Description">
								<multiparttextbox id="product_details_manufacturer" dataattribute="MANUFACTURER"  applink="company" lookup="companies" menutype="normal" descdataattribute="PRODUCINGCOMPANY.NAME" />
							    <textbox id="product_details_1_1_1_1_2_1_2" dataattribute="MODELNUMBER"/>
								<textbox id="product_details_category" dataattribute="CATEGORY" />
								<combobox id="product_details_1_1_1_1_1_1_2" dataattribute="BIMASSETTYPE" lookup="valuelist"/>
								<multiparttextbox id="product_details_replace_cost" dataattribute="REPLACEMENTCOST" descdataattribute="CURRENCYCODE" desclookup="currency"/>
							</section>
						</sectioncol>
						<sectioncol id="product_details_1_1_1_1_2" >
							<section id="product_details_1_1_1_1_2_1" label="Audit" >
                  				<multiparttextbox id="product_details_item" dataattribute="itemnum" ondatachange="resetchildren" descdataattribute="PRODUCTITEM.description" 
										 lookup="itemwithitemset" menutype="item" applink="item,inventor" descinputmode="readonly" />						
								<textbox id="product_details_createdby" dataattribute="CREATEDBY" inputmode="readonly" />
								<textbox id="product_details_createdon" dataattribute="CREATEDON"  inputmode="readonly" lookup="datelookup"/>
								<textbox id="product_details_changedby" dataattribute="CHANGEBY" inputmode="readonly" />
								<textbox id="product_details_chnagedate" dataattribute="CHANGEDATE"  inputmode="readonly" lookup="datelookup"/>
							</section>
						</sectioncol>
					</sectionrow>
				  </section>
					<section id="product_warranty_details_2_1_1" label="Warranty" >
					   <sectionrow id="product_details_1">  
							<sectioncol id="product_warranty_details_1_1_1" >
								<textbox id="product_warranty_details_1_1_1_1" dataattribute="WARRANTYDESC"  lookup="longdesc" />
								<combobox id="product_warranty_details_1_1_1_2" dataattribute="WARRANTYDURATIONUNIT" lookup="valuelist" />
							</sectioncol>
							<sectioncol id="product_warranty_details_1_1_2" >
								<textbox id="product_warranty_details_1_1_2_1" dataattribute="WARRANTYCONTRACTNUM"  lookup="CONTRACT" />
							</sectioncol>
					   </sectionrow>
					   <sectionrow id="product_details_2">  
							<sectioncol id="product_warranty_details_1_2_1" >
								<section id="product_warranty_details_2_1_1_1_1_1" label="Parts">
									<multiparttextbox id="product_details_parts_guarantor" dataattribute="PARTSWARRANTYGUARANTOR"  applink="company" lookup="companies" menutype="normal" 
										descdataattribute="GUARANTORPARTS.NAME" />
									<multiparttextbox id="product_warranty_details_2_1_1_1_1_1_2" dataattribute="PARTSWARRANTDURATION"  
										 descdataattribute="WARRANTYDURATIONUNIT" descinputmode="readonly"/>
								</section>
							</sectioncol>
							<sectioncol id="product_warranty_details_1_2_2" >
								<section id="product_warranty_details_2_1_1_1_2_1" label="Labor">
									<multiparttextbox id="product_details_labor_guarantor" dataattribute="LABORWARRANTYGUARANTOR"  applink="company" lookup="companies" menutype="normal" 
										descdataattribute="GUARANTORLABOR.NAME" />
									<multiparttextbox id="product_warranty_details_2_1_1_1_2_1_2" dataattribute="LABORWARRANTYDURATION"  
										 descdataattribute="WARRANTYDURATIONUNIT" descinputmode="readonly"/>
								</section>
							</sectioncol>
					   </sectionrow>
					</section>
				</tab>
				<tab id="product_tabs_detail" label="Details"  >
					<section id="product_0" border="true">
						<sectionrow id="product_tabs_detail_0">
							<sectioncol id="product_tabs_detail_0_1" >
								<section id="product_tabs_detail_0_1_1">
									<multiparttextbox id="product_tabs_detail_0_1_1_1" dataattribute="NAME" descdataattribute="DESCRIPTION" />
									<textbox id="product_tabs_detail_1_1_1_1" dataattribute="MODELREFERENCE" />
									<textbox id="product_tabs_detail_1_1_2_1" dataattribute="FEATURES" lookup="longdesc"/>
								</section>
							</sectioncol>
							<sectioncol id="product_tabs_detail_0_2" >
								<section id="product_tabs_detail_0_2_1" >
									<textbox dataattribute="orgid" id="product_tabs_detail_orgid" inputmode="readonly" />
									<textbox dataattribute="itemsetid" id="product_tabs_detail_0_2_1_1" inputmode="readonly" />
								</section>
							</sectioncol>	
						</sectionrow>
					</section>
					<section id="product_tabs_detail_2"  >
						<sectionrow id="product_tabs_detail_2_1">
							<sectioncol id="product_tabs_detail_2_1_1" >
								<section id="product_tabs_detail_2_1_1_1" label="Physical Description" >
									<textbox id="product_tabs_detail_size" dataattribute="PRODUCTSIZE" />
									<multiparttextbox id="product_tabs_detail_length" dataattribute="NOMINALLENGTH"  descdataattribute="LENGTHUNITS" desclookup="measureunit"/>
									<multiparttextbox id="product_tabs_detail_width" dataattribute="NOMINALWIDTH"  descdataattribute="WIDTHUNITS" desclookup="measureunit"/>
									<multiparttextbox id="product_tabs_detail_height" dataattribute="NOMINALHEIGHT"  descdataattribute="HEIGHTUNITS" desclookup="measureunit"/>
									<multiparttextbox id="product_tabs_detail_weight" dataattribute="NOMINALWEIGHT"  descdataattribute="WEIGHTUNITS" desclookup="measureunit"/>
									<textbox id="product_tabs_detail_shape" dataattribute="SHAPE" />
									<textbox id="product_tabs_detail_color" dataattribute="COLOR" />
									<textbox id="product_tabs_detail_finish" dataattribute="FINISH" />
									<textbox id="product_tabs_detail_material" dataattribute="MATERIAL" />
								</section>
							</sectioncol>	
							<sectioncol id="product_tabs_detail_2_1_2" >
								<section id="product_tabs_detail_2_1_2_1" label="Performance" >
									<textbox id="product_tabs_detail_grade" dataattribute="GRADE" />
									<textbox id="product_tabs_detail_constituents" dataattribute="CONSTITUENTS" />
									<textbox id="product_tabs_detail_accessibilty" dataattribute="ACCESSIBILITYPERFORMANCE" />
									<textbox id="product_tabs_detail_code" dataattribute="CODEPERFORMANCE" />
									<textbox id="product_tabs_detail_sustainability" dataattribute="SUSTAINABILITYPERFORMANCE" />
									<multiparttextbox id="product_details_expectedlife" dataattribute="EXPECTEDLIFE"  descdataattribute="DURATIONUNIT" desclookup="valuelist" />
								</section>
							</sectioncol>	
						</sectionrow>
					</section>
				</tab>
				<tab id="product_tabs_assets" label="Assets" >
					<section border="true" id="product_tab_asset_grid2">
						<sectionrow id="product_tab_asset_grid2_row">
							<sectioncol id="product_tab_asset_grid2_row_col1">
								<section id="product_tab_asset_grid2_row_col1_sec">
									<multiparttextbox dataattribute="productid" descdataattribute="description" id="product_tab_asset_grid2_1"/>
									<textbox dataattribute="NAME" id="producttab_asset_name" />
								</section>
							</sectioncol>
							<sectioncol id="product_tab_asset_grid2_row_col2">
								<section id="product_tab_asset_grid2_row_col2_sec">
									<textbox dataattribute="itemsetid" id="product_tab_asset_grid2_3"/>
								</section>
							</sectioncol>
						</sectionrow>
					</section>

					<table id="product_tabs_assets_table" label="Asset List" startrow="0" filterexpanded="true" 
						   relationship="BIMPRODUCTASSETS" >
						<tablebody  displayrowsperpage="10" filterable="true" id="product_tabs_assets_tablebody">
							  <tablecol filterable="false" id="product_tabs_assets_tablebody_1" mxevent="toggledetailstate" mxevent_desc="Show Detail" sortable="false" type="event"/>
							  <tablecol applink="asset,ipc" dataattribute="assetnum" id="product_tabs_assets_tablebody_2" menutype="assetmain"/>
							  <tablecol id="product_tabs_assets_tablebody_3" dataattribute="description" inputmode="readonly"/>
							  <tablecol id="product_tabs_assets_tablebody_4" dataattribute="location" inputmode="readonly" lookup="locations" menutype="locations" applink="location,ipc" />
							  <tablecol id="product_tabs_assets_tablebody_5" dataattribute="parent" inputmode="readonly" />
							  <tablecol id="product_tabs_assets_tablebody_6" dataattribute="siteid" inputmode="readonly" />
						</tablebody>
						<tabledetails id="product_tabs_assets_tabledetails">
							<section border="true" id="product_tabs_assets_tabledetails_grid8">
								<sectionrow id="product_tabs_assets_tabledetails_grid8_11">
									<sectioncol id="product_tabs_assets_tabledetails_grid8_11_1">
										<multiparttextbox dataattribute="assetnum" descdataattribute="description" 
														  id="tabs_assets_tabledetails_assetnum" 
														  inputmode="readonly" applink="asset" menutype="assetmain"/>
										<checkbox dataattribute="islinear" id="tabs_assets_tabledetails_islinear" inputmode="readonly" 
												  licensekey="LINEAR"/>
										<multiparttextbox applink="company" dataattribute="VENDOR" 
														   descdataattribute="COMPANIES.NAME" 
														   descinputmode="readonly" id="tabs_assets_tabledetails_vendor" 
														   inputmode="readonly"/>
										<multiparttextbox applink="company" dataattribute="manufacturer" 
														  descdataattribute="manufacturer.name"
														  descinputmode="readonly" id="tabs_assets_tabledetails_manufacturer" inputmode="readonly"/>
									</sectioncol>
									<sectioncol id="product_tabs_assets_tabledetails_grid8_11_2">
										<textbox dataattribute="assettype" id="tabs_assets_tabledetails_assettype" inputmode="readonly"/>
										<textbox dataattribute="installdate" id="tabs_assets_tabledetails_installdate" inputmode="readonly"/>
										<checkbox dataattribute="moved" id="tabs_assets_tabledetails_moved" inputmode="readonly"/>
									</sectioncol>
									<sectioncol id="product_tabs_assets_tabledetails_grid8_11_3">
										<attachments id="tabs_assets_tabledetails_doclinks"/>
										<textbox dataattribute="siteid" id="tabs_assets_tabledetails_siteid" inputmode="readonly"/>
										<textbox dataattribute="location" id="tabs_assets_tabledetails_location" inputmode="readonly"
												 menutype="locations" applink="location,ipc" />
									</sectioncol>
								</sectionrow>
							</section>
							<section id="product_tabs_assets_tabledetails_grid9">
								<section id="product_tabs_assets_tabledetails_grid5">
									<sectionrow id="product_tabs_assets_tabledetails_grid5_11">
										<sectioncol id="product_tabs_assets_tabledetails_grid5_11_1">
											<section id="product_tabs_assets_tabledetails_grid5_11_1_1" label="Downtime">
												<checkbox dataattribute="isrunning" id="tabs_assets_tabledetails_isrunning" inputmode="readonly"/>
												<textbox dataattribute="statusdate" id="tabs_assets_tabledetails_statusdate" inputmode="readonly"/>
												<textbox dataattribute="totdowntime" id="tabs_assets_tabledetails_totdowntime" inputmode="readonly"/>
											</section>
										</sectioncol>
										<sectioncol id="product_tabs_assets_tabledetails_grid5_11_2">
											<section id="product_tabs_assets_tabledetails_grid5_11_2_1" label="Modified">
												<textbox dataattribute="changeby" id="tabs_assets_tabledetails_changeby" inputmode="readonly"/>
												<textbox dataattribute="changedate" id="tabs_assets_changedate" inputmode="readonly"/>
											</section>
										</sectioncol>
									</sectionrow>
								</section>
							</section>
						</tabledetails>
					</table>
				</tab>
				<tab id="product_tabs_jobs" label="Job Plans" >
					<section border="true" id="product_tab_jobs_grid2">
						<sectionrow id="product_tab_jobs_grid2_row">
							<sectioncol id="product_tab_jobs_grid2_row_col1">
								<section id="product_tab_jobs_grid2_row_col1_sec">
									<multiparttextbox dataattribute="productid" descdataattribute="description" id="product_tab_jobs_grid2_1"/>
									<textbox dataattribute="NAME" id="producttab_jobs_name" />
								</section>
							</sectioncol>
							<sectioncol id="product_tab_jobs_grid2_row_col2">
								<section id="product_tab_jobs_grid2_row_col2_sec">
									<textbox dataattribute="itemsetid" id="product_tab_jobs_grid2_3"/>
								</section>
							</sectioncol>
						</sectionrow>
					</section>
					<table id="product_tabs_job_table" label="Jobs for this Product" startrow="0" filterexpanded="true" 
						   relationship="BIMPRODUCTJOBS" >
						<tablebody  displayrowsperpage="10" filterable="true" id="product_tabs_jobs_tablebody">
							  <tablecol filterable="false" id="product_tabs_jobs_tablebody_1" mxevent="toggledetailstate" mxevent_desc="Show Detail" sortable="false" type="event"/>
							  <tablecol applink="jobplan,ipc" dataattribute="jpnum" id="product_tabs_jobs_tablebody_2" lookup="jobplan" menutype="normal"/>
							  <tablecol id="product_tabs_jobs_tablebody_3" dataattribute="name" inputmode="readonly"/>
							  <tablecol id="product_tabs_jobs_tablebody_4" dataattribute="jobtype" inputmode="readonly"  />
							  <tablecol filterable="false" id="product_tabs_jobs_tablebody_delete" mxevent="toggledeleterow" 
									    mxevent_desc="Mark Row for Delete" mxevent_icon="btn_garbage.gif" sortable="false" type="event"/>
						</tablebody>
						<tabledetails id="product_tabs_jobs_tabledetails">
								<multiparttextbox applink="jobplan" dataattribute="jpnum" id="product_tabs_jobs_tabledetails_jpnum1" defaultfocus="true" 
								          descdataattribute="BIMPRODUCTJOB.description" desclookup="longdesc"  lookup="jobplan" menutype="normal" /> 
								<textbox dataattribute="name" id="product_tabs_jobs_tabledetails_name" />
								<textbox dataattribute="orgid" id="product_tabs_jobs_tabledetails_orgid" inputmode="readonly"/>
								<textbox dataattribute="siteid" id="product_tabs_jobs_tabledetails_siteid" inputmode="readonly" />
								<textbox dataattribute="jobtype" id="product_tabs_jobs_tabledetails_jobtype" lookup="valuelist" />
								<textbox dataattribute="BIMPRODUCTJOB.jpduration" id="product_tabs_jobs_tabledetails_duration" inputmode="readonly"/>
						</tabledetails>
						<buttongroup id="product_tabs_job_table_2">
							<pushbutton default="true" id="product_tabs_job_table_1_1" label="New Row" mxevent="addrow"/>
						</buttongroup>
					</table>
				</tab>
				<tab id="product_tabs_parts" label="Parts" >
					<section border="true" id="product_tab_parts_grid2">
						<sectionrow id="product_tab_parts_grid2_row">
							<sectioncol id="product_tab_parts_grid2_row_col1">
								<section id="product_tab_parts_grid2_row_col1_sec">
									<multiparttextbox dataattribute="productid" descdataattribute="description" id="product_tab_parts_grid2_1"/>
									<textbox dataattribute="NAME" id="producttab_part_name" />
								</section>
							</sectioncol>
							<sectioncol id="product_tab_parts_grid2_row_col2">
								<section id="product_tab_parts_grid2_row_col2_sec">
									<textbox dataattribute="itemsetid" id="product_tab_parts_grid2_3"/>
								</section>
							</sectioncol>
						</sectionrow>
					</section>
					<table id="product_tabs_parts_table" label="Replaceable Parts List" startrow="0" filterexpanded="true" 
						   relationship="BIMPRODUCTPARTS" >
						<tablebody  displayrowsperpage="10" filterable="true" id="product_tabs_parts_tablebody">
							  <tablecol filterable="false" id="product_tabs_parts_tablebody_1" mxevent="toggledetailstate" mxevent_desc="Show Detail" sortable="false" type="event"/>
							  <tablecol id="product_tabs_parts_tablebody_name" dataattribute="name" inputmode="readonly"/>
							  <tablecol filterable="false" id="product_tabs_parts_tablebody_delete" mxevent="toggledeleterow" 
									    mxevent_desc="Mark Row for Delete" mxevent_icon="btn_garbage.gif" sortable="false" type="event"/>
						</tablebody>
						<tabledetails id="product_tabs_parts_tabledetails">
							<sectionrow id="product_tabs_parts_tabledetails_1">
								<sectioncol id="product_tabs_parts_tabledetails_1_1">
									<section border="false" id="product_tabs_parts_1">
										<multiparttextbox dataattribute="name" descdataattribute="description" id="product_tabs_parts_tabledetails_name"/>
										<textbox dataattribute="orgid" id="product_tabs_parts_tabledetails_orgid" inputmode="readonly"/>
										<textbox dataattribute="partnum" id="product_tabs_parts_tabledetails_partnum" />
										<multiparttextbox id="product_tabs_parts_item" dataattribute="itemnum" ondatachange="resetchildren" descdataattribute="PARTSITEM.description" 
												 lookup="item" menutype="item" applink="item,inventor" descinputmode="readonly" />						
									</section>
								</sectioncol>
								<sectioncol id="product_tabs_parts_tabledetails_1_2">
									<table id="product_tabs_parts_supp_table" label="Parts suppliers" startrow="0" filterexpanded="false" 
									   relationship="BIMPARTSSUPPLIER" >
										<tablebody  displayrowsperpage="10" filterable="true" id="product_tabs_parts_supp_tablebody">
											  <tablecol filterable="false" id="product_tabs_parts_supp_tablebody_1" mxevent="toggledetailstate" mxevent_desc="Show Detail" sortable="false" type="event"/>
											  <tablecol id="product_tabs_parts_supp_tablebody_comp_name" dataattribute="BIMSUPPLIERCOMPANY.NAME" inputmode="readonly" label="Supplier"/>
											  <tablecol filterable="false" id="product_tabs_parts_supp_tablebody_delete" mxevent="toggledeleterow" 
														mxevent_desc="Mark Row for Delete" mxevent_icon="btn_garbage.gif" sortable="false" type="event"/>
										</tablebody>
										<tabledetails id="product_tabs_parts_supp_tabledetails">
											  <multiparttextbox id="product_tabs_parts_supp_company" dataattribute="COMPANY"  applink="company" 
																lookup="companies" menutype="normal" descdataattribute="BIMSUPPLIERCOMPANY.NAME" />
											  <textbox id="product_tabs_parts_supp_memo" dataattribute="MEMO" lookup="longdesc" />
										</tabledetails>
										<buttongroup id="product_tabs_parts_supp_table_2">
											<pushbutton default="true" id="product_tabs_parts_supp_table_1_1" label="New Row" mxevent="addrow"/>
										</buttongroup>
									</table>
								</sectioncol>
							</sectionrow>
						</tabledetails>
						<buttongroup id="product_tabs_parts_table_2">
							<pushbutton default="true" id="product_tabs_parts_table_1_1" label="New Row" mxevent="addrow"/>
						</buttongroup>
					</table>
				</tab>
				
				<tab id="product_tabs_requirements" label="Requirements Met">
					<section id="product_tabs_requirements_0" border="true">
						<sectionrow id="product_tabs_requirements_0_1">
							<sectioncol id="product_tabs_requirements_0__11" >
								<section id="product_tabs_requirements_0_1_1_1">
									<multiparttextbox id="product_tabs_requirements_name" dataattribute="NAME" label="Specification"
													  descdataattribute="DESCRIPTION" />
								</section>
							</sectioncol>
							<sectioncol id="product_tabs_requirements_0_1_2" >
								<section id="product_tabs_requirements_0_1_2_1" >
									<textbox dataattribute="orgid" id="product_tabs_requirements_orgid" inputmode="readonly" />
								</section>
							</sectioncol>	
						</sectionrow>
					</section>
					<table id="designspec_tabs_prod_table" label="Requirements met by this Product" relationship="PRODUCTMEEETSREQUIREMENT">
						<tablebody displayrowsperpage="10" filterable="true" id="product_tabs_requirements_product_table_tablebody">
							<tablecol filterable="false" id="product_tabs_requirements_product_table_tablebody_1" mxevent="toggledetailstate" 
									  mxevent_desc="Show Detail" sortable="false" type="event"/>
							<tablecol dataattribute="name" id="product_tabs_requirements_table_name" 
									  showfilterfield="true" />
							<tablecol dataattribute="designspecid" id="product_tabs_requirements_product_table_specid" 
									  lookup="designspec" menutype="BIMDESIGNSPEC" filterable="true" />
							<tablecol filterable="false" id="product_tabs_requirements_product_tablebody_10" mxevent="toggledeleterow" 
									   mxevent_desc="Mark Row for Delete" mxevent_icon="btn_garbage.gif" sortable="false" type="event"/>
						</tablebody>
						<tabledetails id="product_tabs_requirements_product_table_1">
							<textbox  dataattribute="designspecid" id="product_tabs_requirements_product_table_location" 
									  inputmode="required" lookup="product" menutype="BIMDESIGNSPEC" applink="designspec,ipc" />
							<textbox dataattribute="name" id="product_tabs_requirements_product_table_name" />
							<textbox dataattribute="description" id="product_tabs_requirements_product_table_table_1_grid1_11" lookup="longdesc"/>
						</tabledetails>
						<buttongroup id="product_tabs_requirements_product_table_2">
							<pushbutton default="true" id="product_tabs_requirements_product_table_2_1" label="New Row" mxevent="addrow"/>
						</buttongroup>
					</table>
				</tab>

				
				<tab id="product_tabs_specifications" label="Specifications">
					<section border="true" id="product_tabs_specifications_grid2">
						<sectionrow id="product_tabs_specifications_grid2_row">
							<sectioncol id="product_tabs_specifications_grid2_row_col1">
								<section id="product_tabs_specifications_grid2_row_col1_sec">
									<multiparttextbox dataattribute="productid" descdataattribute="description" id="product_tabs_specifications_grid2_1"/>
									<textbox applink="assetcat" dataattribute="CLASSSTRUCTURE.HIERARCHYPATH" id="product_tabs_specifications_grid2_4" 
									menutype="classification" ondatachange="resetchildren"/>
									<textbox dataattribute="CLASSSTRUCTURE.description_class" id="product_tabs_specifications_grid2_5" lookup="classification" ondatachange="resetchildren"/>
								</section>
							</sectioncol>
							<sectioncol id="product_tabs_specifications_grid2_row_col2">
								<section id="product_tabs_specifications_grid2_row_col2_sec">
									<textbox dataattribute="itemsetid" id="product_tabs_specifications_grid2_3"/>
									<textbox dataattribute="NAME" id="producttab_spec_name" />
								</section>
							</sectioncol>
						</sectionrow>
					</section>
					<table id="product_tabs_specifications_specifications_table" label="Specifications" orderby="displaysequence" relationship="BIMPRODUCTBASESPECCLASS">
						<tablebody displayrowsperpage="10" filterable="true" id="product_tabs_specifications_specifications_table_tablebody">
							<tablecol filterable="false" id="product_tabs_specifications_specifications_table_tablebody_1" mxevent="toggledetailstate" 
									  mxevent_desc="Show Detail" sortable="false" type="event"/>
							<tablecol dataattribute="assetattrid" id="product_tabs_specifications_specifications_table_tablebody_2" lookup="assetattribute" sortable="true"/>
							<tablecol dataattribute="assetattribute.description" id="product_tabs_specifications_specifications_table_tablebody_3" 
									  inputmode="readonly" showfilterfield="true" sortable="false"/>
							<tablecol dataattribute="assetattribute.datatype" id="product_tabs_specifications_specifications_table_tablebody_4" 
									  linkedcontrolid="specifications_specifications_table_1_griddetails2_1" sortable="false"/>
							<tablecol dataattribute="alnvalue" id="product_tabs_specifications_specifications_table_tablebody_5" 
									  linkedcontrolid="specifications_specifications_table_1_griddetails2_4" sortable="true"/>
							<tablecol dataattribute="numvalue" id="product_tabs_specifications_specifications_table_tablebody_6" 
									  linkedcontrolid="specifications_specifications_table_1_griddetails2_2" sortable="true"/>
							<tablecol dataattribute="measureunitid" id="product_tabs_specifications_specifications_table_tablebody_7" 
									  linkedcontrolid="specifications_specifications_table_1_griddetails2_3" sortable="true"/>
							<tablecol dataattribute="tablevalue" id="product_tabs_specifications_specifications_table_tablebody_9" 
									  linkedcontrolid="specifications_specifications_table_1_griddetails2_2a"/>
							<tablecol filterable="false" id="product_tabs_specification_specifications_tablebody_10" mxevent="toggledeleterow" 
									   mxevent_desc="Mark Row for Delete" mxevent_icon="btn_garbage.gif" sortable="false" type="event"/>
						</tablebody>
						<tabledetails id="product_tabs_specifications_specifications_table_1">
							<section id="product_tabs_specifications_specifications_table_1_griddetails1" label="Details">
								<sectionrow id="product_tabs_specifications_specifications_table_1_griddetails1_row">
									<sectioncol id="product_tabs_specifications_specifications_table_1_griddetails1_row_col1">
										<section id="product_tabs_specifications_specifications_table_1_griddetails1_row_col1_sec">
											<multiparttextbox dataattribute="assetattrid" descdataattribute="assetattribute.description" descinputmode="readonly" 
															  id="product_tabs_specifications_specifications_table_1_griddetails1_1" lookup="assetattribute"/>
											<textbox dataattribute="assetattribute.datatype" id="product_tabs_specifications_specifications_table_1_griddetails2_1" inputmode="readonly"/>
											<textbox dataattribute="measureunitid" id="product_tabs_specifications_specifications_table_1_griddetails2_3" lookup="measureunit"/>
											<textbox dataattribute="section" id="product_tabs_specifications_specifications_table_1_griddetails2_5"/>
											<textbox dataattribute="category" id="product_tabs_specifications_specifications_table_1_category"/>
										</section>
									</sectioncol>
									<sectioncol id="product_tabs_specifications_specifications_table_1_griddetails1_row_col2">
										<section id="product_tabs_specifications_specifications_table_1_griddetails1_row_col2_sec">
											<textbox dataattribute="alnvalue" id="product_tabs_specifications_specifications_table_1_griddetails2_4"
													 lookup="alndomain" smartfilloff="true"/>
											<textbox dataattribute="numvalue" id="product_tabs_specifications_specifications_table_1_griddetails2_2" 
													 lookup="numericdomain" smartfilloff="true"/>
											<textbox dataattribute="tablevalue" id="product_tabs_specifications_specifications_table_1_griddetails2_2a" menutype="normal"/>
											<textbox dataattribute="classspec.inheritedfrom" id="product_tabs_specifications_specifications_table_1_griddetails2_2b" inputmode="readonly"/>
											<textbox dataattribute="classspec.applydownhier" id="product_tabs_specifications_specifications_table_1_griddetails2_2c" inputmode="readonly"/>
										</section>
									</sectioncol>
								</sectionrow>
							</section>
						</tabledetails>
						<buttongroup id="product_tabs_specifications_specifications_table_2">
							<pushbutton default="true" id="product_tabs_specifications_specifications_table_2_1" label="New Row" mxevent="addrow"/>
						</buttongroup>
					</table>
				</tab>
			</tabgroup>
		</clientarea>
		<include id="pageFooter"/>
	</page>

	<dialog beanclass="psdi.webclient.beans.common.ClassificationBean" id="searchmore" inputmode="query" label="More Search Fields">
	  <section id="searchmore_1" border="true">
		<sectionrow id="searchmore_1_1">
			<sectioncol id="searchmore_1_1_1" >
				<section id="searchmore_1_1_1_1">
					<textbox id="searchmore_1_1_1_1_1" dataattribute="PRODUCTID" inputmode="query" />
					<multiparttextbox id="searchmore_1_1_1_1_2" dataattribute="NAME" descdataattribute="DESCRIPTION" descinputmode="query"/>
					<textbox dataattribute="CLASSSTRUCTURE.HIERARCHYPATH" id="searchmore_1_1_1_1_3" inputmode="query"
							   menutype="classificationqbe"/>
				</section>
			</sectioncol>
			<sectioncol id="searchmore_1_1_1_2" >
				<section id="searchmore_1_1_1_2_1" >
					<textbox dataattribute="itemsetid" id="searchmore_1_1_1_2_1_2" inputmode="query" lookup="itemset" />
					<textbox dataattribute="status" id="searchmore_1_1_1_2_1_3" inputmode="query" lookup="valuelist"/>
				</section>
			</sectioncol>	
		</sectionrow>
	  </section>
	  <section id="searchmore_2" label="Details" >
		 <sectionrow id="searchmore_2_1" >
			<sectioncol id="searchmore_2_1_1" >
				<section id="searchmore_2_1_1_1" >
					<textbox id="searchmore_2_1_1_1_1" dataattribute="MANUFACTURER" inputmode="query" lookup="companies" menutype="normal"/>							
					 <textbox id="searchmore_2_1_1_1_2" dataattribute="MODELNUMBER" inputmode="query"/>
					<combobox id="searchmore_2_1_1_1_3" dataattribute="BIMASSETTYPE" inputmode="query" lookup="valuelist"/>
					<textbox id="searchmore_2_1_1_1_4" dataattribute="CATEGORY" inputmode="query" />
				</section>
			</sectioncol>
			<sectioncol id="searchmore_2_2" >
				<section id="searchmore_2_2_1" >
					<textbox id="searchmore_2_2_1_2" dataattribute="CREATEDBY" inputmode="query" />
					<textbox id="searchmore_2_2_1_3" dataattribute="CREATEDON" inputmode="query" lookup="datelookup"/>
					<textbox id="searchmore_2_2_1_4" dataattribute="REPLACEMENTCOST" inputmode="query"/>
					<multiparttextbox id="searchmore_2_2_1_5" dataattribute="EXPECTEDLIFE"  descdataattribute="DURATIONUNIT" inputmode="query" desclookup="valuelist" descinputmode="query"/>
				</section>
			</sectioncol>
		</sectionrow>
	  </section>
  	  <section id="searchmore_3" label="Physical Description" >
	    <sectionrow id="searchmore_3_1">  
			<sectioncol id="searchmore_3_1_1" >
				<textbox id="searchmore_3_1_1_1" dataattribute="PRODUCTSIZE" />
				<multiparttextbox id="searchmore_3_1_1_2" dataattribute="NOMINALLENGTH"  descdataattribute="LENGTHUNITS" desclookup="measureunit" inputmode="query" descinputmode="query"/>
				<multiparttextbox id="searchmore_3_1_1_3" dataattribute="NOMINALWIDTH"  descdataattribute="WIDTHUNITS" desclookup="measureunit" inputmode="query" descinputmode="query"/>
				<multiparttextbox id="searchmore_3_1_1_4" dataattribute="NOMINALHEIGHT"  descdataattribute="HEIGHTUNITS" desclookup="measureunit" inputmode="query" descinputmode="query"/>
			</sectioncol>
			<sectioncol id="searchmore_3_1_2" >
				<textbox id="searchmore_3_1_2_1" dataattribute="SHAPE" inputmode="query"/>
				<textbox id="searchmore_3_1_2_2" dataattribute="COLOR" inputmode="query"/>
				<textbox id="searchmore_3_1_2_3" dataattribute="FINISH" inputmode="query"/>
				<textbox id="searchmore_3_1_2_4" dataattribute="MATERIAL" inputmode="query"/>
			</sectioncol>
	    </sectionrow>
  	  </section>
  	  <section id="searchmore_4" label="Warranty" >
	   <sectionrow id="searchmore_4_1">  
			<sectioncol id="searchmore_4_1_1" >
				<textbox id="searchmore_4_1_1_1" dataattribute="WARRANTYDESC" inputmode="query" lookup="longdesc" />
				<combobox id="searchmore_4_1_1_2" dataattribute="WARRANTYDURATIONUNIT" inputmode="query" lookup="valuelist" />
			</sectioncol>
			<sectioncol id="searchmore_4_1_2" >
				<textbox id="searchmore_4_1_2_1" dataattribute="WARRANTYCONTRACTNUM" inputmode="query" lookup="CONTRACT" />
			</sectioncol>
	   </sectionrow>
	   <sectionrow id="searchmore_4_2">  
			<sectioncol id="searchmore_4_2_1" >
				<section id="searchmore_4_2_1_1" label="Parts">
					<textbox id="searchmore_parts_guarantor" dataattribute="PARTSWARRANTYGUARANTOR"  inputmode="query" applink="company" lookup="companies" menutype="normal" />
					<multiparttextbox id="searchmore_4_2_1_1_2" dataattribute="PARTSWARRANTDURATION"  
						 descdataattribute="WARRANTYDURATIONUNIT" desclookup="valuelist" inputmode="query" descinputmode="query"/>
				</section>
			</sectioncol>
			<sectioncol id="searchmore_4_2_2" >
				<section id="searchmore_4_2_2_1" label="Labor">
					<textbox id="searchmore_labor_guarantor" dataattribute="LABORWARRANTYGUARANTOR"  inputmode="query" applink="company" lookup="companies" menutype="normal" />
					<multiparttextbox id="searchmore_4_2_2_1_2" dataattribute="LABORWARRANTYDURATION"  
						 descdataattribute="WARRANTYDURATIONUNIT" desclookup="valuelist" inputmode="query" descinputmode="query"/>
				</section>
			</sectioncol>
	   </sectionrow>
	  </section>
		<buttongroup id="searchmore_buttongroup">
			<pushbutton default="true" id="searchmore_buttongroup_1" label="Find" mxevent="dialogok"/>
			<pushbutton id="qbe_restoreappdefault_button" label="Restore Application Defaults" mxevent="qbeclear"/>
			<pushbutton id="qbe_revisebutton" label="Revise" menutype="SEARCHMOREREVISE" targetid="searchmore"/>
			<pushbutton id="searchmore_buttongroup_3" label="Cancel" mxevent="qbecancel"/>
		</buttongroup>
	</dialog>

	<dialog beanclass="psdi.webclient.system.beans.ViewBookmarksBean" id="searchbook" label="My Bookmarks" mboname="BIMPRODUCT">
		<table id="bookmarks_table" inputmode="readonly" selectmode="single">
			<tablebody displayrowsperpage="20" filterable="true" id="bookmarks_table_tablebody">
				<tablecol dataattribute="BIMPRODUCTBASEID" id="bookmarks_tablecolumn_1" mxevent="selectrecord" type="link" />
				<tablecol dataattribute="name" id="bookmarks_tablecolumn_name"/>
				<tablecol dataattribute="description" id="bookmarks_tablecolumn_2"/>
				<tablecol filterable="false" id="bookmarks_tablecolumn_3" mxevent="instantdelete" mxevent_desc="Delete" mxevent_icon="btn_delete.gif" sortable="false" type="event"/>
			</tablebody>
		</table>
		<buttongroup id="bookmarks_2">
			<pushbutton default="true" id="bookmarks_2_1" label="OK" mxevent="dialogok"/>
		</buttongroup>
	</dialog>
	
	<dialog id="PRODSTATUS" label="Change Status" relationship="PRODUCTCHANGESTATUS" savemode="ONLOADUNLOAD">
		<section border="true" datasrc="MAINRECORD" id="changestatus_grid1_1_1_grid3">
			<multiparttextbox dataattribute="productid" descdataattribute="description" descinputmode="readonly" desclongdescreadonly="true" id="changestatus_grid1_1_1_grid3_1"/>
			<multiparttextbox dataattribute="status" descdataattribute="statusdesc.description" descinputmode="readonly" id="changestatus_grid1_1_1_grid3_2"/>
		</section>
		<section border="false" id="changestatus_grid1_1_1_grid4">
			<combobox dataattribute="status" id="changestatus_grid1_1_1_grid4_1" smartfilloff="true"/>
			<textbox dataattribute="asofdate" id="changestatus_grid1_1_1_grid4_2" inputmode="readonly" lookup="datelookup" title="Date"/>
			<textbox dataattribute="memo" id="changestatus_grid1_1_1_grid4_3"/>
		</section>
		<buttongroup id="changestatus_2">
			<pushbutton clickmessage="Product status has been changed." default="true" id="changestatus_2_1" label="OK" mxevent="dialogok"/>
			<pushbutton id="changestatus_2_2" label="Cancel" mxevent="dialogcancel"/>
		</buttongroup>
	</dialog>
	
	
	<dialog id="viewhist" label="View History">
		<section border="true" id="viewstatushist_grid1">
			<multiparttextbox dataattribute="productid" defaultfocus="true" descdataattribute="description" descinputmode="readonly" id="viewstatushist_grid1_1"/>
			<textbox dataattribute="orgid" id="viewstatushist_grid1_3"/>
		</section>
		<table id="viewstatushist_statushisttable" label="Status History" orderby="changedate desc" relationship="prodstatus">
			<tablebody displayrowsperpage="20" filterable="true" filterexpanded="false" id="viewstatushist_statushisttable_tablebody">
				<tablecol dataattribute="status" id="viewstatushist_statushisttable_tablebody_1"/>
				<tablecol dataattribute="changedate" id="viewstatushist_statushisttable_tablebody_2" showfilterfield="true"/>
				<tablecol dataattribute="changeBy" id="viewstatushist_statushisttable_tablebody_3" showfilterfield="true"/>
				<tablecol dataattribute="memo" id="viewstatushist_statushisttable_tablebody_4"/>
			</tablebody>
		</table>
		<buttongroup id="viewstatushist_2">
			<pushbutton default="true" id="viewstatushist_2_1" label="OK" mxevent="dialogok"/>
		</buttongroup>
	</dialog>


</presentation>
